method,threshold,n_test,accuracy_mean,accuracy_sd,panoptic_quality_mean,panoptic_quality_sd,foreground_dice_mean,foreground_dice_sd,count_absolute_error_mean,runtime_s_mean
Otsu,0.5,50,0.6428138555420141,0.23767278930423927,0.6266104725812527,0.2077100656939538,0.8949274051855443,0.07049157811671222,14.06,0.01000055600030464
Otsu,0.75,50,0.45341134537798805,0.2764904911157871,0.5134429722737955,0.2641115515108704,0.8949274051855443,0.07049157811671222,14.06,0.01000055600030464
Otsu,0.9,50,0.22284123067183592,0.22096220202332242,0.30044378548606343,0.25819542991554495,0.8949274051855443,0.07049157811671222,14.06,0.01000055600030464
StarDist Python,0.5,50,0.8527435151441468,0.12040952692943215,0.7845728103849898,0.10988013144695435,0.9156194651348398,0.048627063034818646,3.44,0.11195285199988575
StarDist Python,0.75,50,0.6918404115809211,0.23451110013268345,0.7033901487889191,0.18759627466063333,0.9156194651348398,0.048627063034818646,3.44,0.11195285199988575
StarDist Python,0.9,50,0.30463846410699114,0.3128400023398113,0.3673992380782353,0.31025366262974086,0.9156194651348398,0.048627063034818646,3.44,0.11195285199988575
Watershed,0.5,50,0.7149738257639116,0.1987743585667429,0.6770683303595588,0.16607228397904447,0.894118685873899,0.0710710010870454,6.94,0.0238279340002191
Watershed,0.75,50,0.5010744500213956,0.2659883665257457,0.5548095004616593,0.2423452448120017,0.894118685873899,0.0710710010870454,6.94,0.0238279340002191
Watershed,0.9,50,0.21430921346906298,0.20689404189373228,0.29379084494775215,0.2462821897297989,0.894118685873899,0.0710710010870454,6.94,0.0238279340002191
