tag,image,method,runtime_s,threshold,true_objects,predicted_objects,true_positives,false_positives,false_negatives,precision,recall,f1,accuracy,mean_matched_iou,panoptic_quality,foreground_dice,foreground_iou,count_absolute_error
low,608ff81c8a0c8b622f6648a9c7f935d85f0c503f515ef2ac3728387be1953ee8.tif,StarDist Fiji/ImageJ plugin,0.914104,0.5,15,11,9,2,6,0.8181818181818182,0.6,0.6923076923076923,0.5294117647058824,0.8849039394556801,0.6126258042385477,0.9375690607734807,0.8824752990119604,4
low,608ff81c8a0c8b622f6648a9c7f935d85f0c503f515ef2ac3728387be1953ee8.tif,StarDist Fiji/ImageJ plugin,0.914104,0.75,15,11,9,2,6,0.8181818181818182,0.6,0.6923076923076923,0.5294117647058824,0.8849039394556801,0.6126258042385477,0.9375690607734807,0.8824752990119604,4
low,608ff81c8a0c8b622f6648a9c7f935d85f0c503f515ef2ac3728387be1953ee8.tif,StarDist Fiji/ImageJ plugin,0.914104,0.9,15,11,4,7,11,0.36363636363636365,0.26666666666666666,0.3076923076923077,0.18181818181818182,0.9187844327288679,0.2827029023781132,0.9375690607734807,0.8824752990119604,4
median,b61d3fb0d0ebbee018346e0adeff9e9178f33aa95262779b3c196f93b4ace895.tif,StarDist Fiji/ImageJ plugin,2.067625,0.5,170,156,152,4,18,0.9743589743589743,0.8941176470588236,0.9325153374233128,0.8735632183908046,0.8854910158230315,0.8257339534055262,0.9444556982538589,0.8947570430644047,14
median,b61d3fb0d0ebbee018346e0adeff9e9178f33aa95262779b3c196f93b4ace895.tif,StarDist Fiji/ImageJ plugin,2.067625,0.75,170,156,149,7,21,0.9551282051282052,0.8764705882352941,0.9141104294478528,0.8418079096045198,0.8914553875383885,0.8148886671363184,0.9444556982538589,0.8947570430644047,14
median,b61d3fb0d0ebbee018346e0adeff9e9178f33aa95262779b3c196f93b4ace895.tif,StarDist Fiji/ImageJ plugin,2.067625,0.9,170,156,67,89,103,0.42948717948717946,0.3941176470588235,0.4110429447852761,0.25868725868725867,0.9333894448704037,0.38366314605102486,0.9444556982538589,0.8947570430644047,14
high,d8607b21411c9c8ab532faaeba15f8818a92025897950f94ee4da4f74f53660a.tif,StarDist Fiji/ImageJ plugin,1.278099,0.5,24,24,24,0,0,1.0,1.0,1.0,1.0,0.9264713709299727,0.9264713709299727,0.9692837336405407,0.9403982116864213,0
high,d8607b21411c9c8ab532faaeba15f8818a92025897950f94ee4da4f74f53660a.tif,StarDist Fiji/ImageJ plugin,1.278099,0.75,24,24,23,1,1,0.9583333333333334,0.9583333333333334,0.9583333333333334,0.92,0.9380570827095365,0.8989713709299725,0.9692837336405407,0.9403982116864213,0
high,d8607b21411c9c8ab532faaeba15f8818a92025897950f94ee4da4f74f53660a.tif,StarDist Fiji/ImageJ plugin,1.278099,0.9,24,24,21,3,3,0.875,0.875,0.875,0.7777777777777778,0.9425599276923916,0.8247399367308427,0.9692837336405407,0.9403982116864213,0
