method,runtime_s,source,threshold,foreground,gaussian_sigma,min_size,closing_radius,true_objects,predicted_objects,true_positives,false_positives,false_negatives,precision,recall,f1,accuracy,mean_matched_iou,panoptic_quality,foreground_dice,foreground_iou,count_absolute_error,min_distance,marker_count,watershed_line,model,pmin,pmax,probability_threshold,nms_threshold,device
otsu,0.022243,official StarDist DSB2018 sample,0.5,bright,1.0,20,1,125,84,55,29,70,0.6547619047619048,0.44,0.5263157894736842,0.35714285714285715,0.7547451712591136,0.39723430066269133,0.8426137152605582,0.7280315365498329,41,,,,,,,,,
otsu,0.022243,official StarDist DSB2018 sample,0.75,bright,1.0,20,1,125,84,32,52,93,0.38095238095238093,0.256,0.3062200956937799,0.1807909604519774,0.8479129269938754,0.25964797764405756,0.8426137152605582,0.7280315365498329,41,,,,,,,,,
otsu,0.022243,official StarDist DSB2018 sample,0.9,bright,1.0,20,1,125,84,5,79,120,0.05952380952380952,0.04,0.04784688995215311,0.024509803921568627,0.9340195667952116,0.04468993142560821,0.8426137152605582,0.7280315365498329,41,,,,,,,,,
watershed,0.046935,official StarDist DSB2018 sample,0.5,bright,1.0,20,1,125,115,86,29,39,0.7478260869565218,0.688,0.7166666666666667,0.5584415584415584,0.7661882717633587,0.5491015947637404,0.8426137152605582,0.7280315365498329,10,7,115,False,,,,,,
watershed,0.046935,official StarDist DSB2018 sample,0.75,bright,1.0,20,1,125,115,54,61,71,0.46956521739130436,0.432,0.45,0.2903225806451613,0.8386140079226837,0.3773763035652077,0.8426137152605582,0.7280315365498329,10,7,115,False,,,,,,
watershed,0.046935,official StarDist DSB2018 sample,0.9,bright,1.0,20,1,125,115,6,109,119,0.05217391304347826,0.048,0.05,0.02564102564102564,0.9313116195441972,0.04656558097720986,0.8426137152605582,0.7280315365498329,10,7,115,False,,,,,,
stardist_python,0.155225,official StarDist DSB2018 sample,0.5,,,,,125,118,118,0,7,1.0,0.944,0.9711934156378601,0.944,0.851847617286375,0.8273087970353271,0.9262551623238328,0.8626399213508339,7,,,,2D_versatile_fluo,1.0,99.8,0.5,0.3,CPU
stardist_python,0.155225,official StarDist DSB2018 sample,0.75,,,,,125,118,108,10,17,0.9152542372881356,0.864,0.8888888888888888,0.8,0.8699527452854409,0.773291329142614,0.9262551623238328,0.8626399213508339,7,,,,2D_versatile_fluo,1.0,99.8,0.5,0.3,CPU
stardist_python,0.155225,official StarDist DSB2018 sample,0.9,,,,,125,118,35,83,90,0.2966101694915254,0.28,0.2880658436213992,0.16826923076923078,0.922597879738333,0.26576893655013706,0.9262551623238328,0.8626399213508339,7,,,,2D_versatile_fluo,1.0,99.8,0.5,0.3,CPU
