sweep,probability_threshold,nms_threshold,runtime_s,threshold,true_objects,predicted_objects,true_positives,false_positives,false_negatives,precision,recall,f1,accuracy,mean_matched_iou,panoptic_quality,foreground_dice,foreground_iou,count_absolute_error
probability_sweep,0.3,0.3,0.217422,0.5,125,120,120,0,5,1.0,0.96,0.9795918367346939,0.96,0.8488150409264943,0.8314922849892189,0.9275046412177077,0.8648099347215763,5
probability_sweep,0.4,0.3,0.195143,0.5,125,120,120,0,5,1.0,0.96,0.9795918367346939,0.96,0.8488150409264943,0.8314922849892189,0.9275046412177077,0.8648099347215763,5
probability_sweep,0.5,0.3,0.22087,0.5,125,118,118,0,7,1.0,0.944,0.9711934156378601,0.944,0.851847617286375,0.8273087970353271,0.9262551623238328,0.8626399213508339,7
probability_sweep,0.6,0.3,0.220266,0.5,125,115,115,0,10,1.0,0.92,0.9583333333333334,0.92,0.8547782058899529,0.8191624473112049,0.923361738547985,0.8576341484489761,10
probability_sweep,0.7,0.3,0.182636,0.5,125,113,113,0,12,1.0,0.904,0.9495798319327731,0.904,0.85709605626955,0.813881129062682,0.9203817492482678,0.8525066602082829,12
nms_sweep,0.5,0.1,0.201649,0.5,125,117,117,0,8,1.0,0.936,0.9669421487603306,0.936,0.8532818782208921,0.82507421282516,0.923712450336044,0.8582394645598661,8
nms_sweep,0.5,0.2,0.206201,0.5,125,118,118,0,7,1.0,0.944,0.9711934156378601,0.944,0.851847617286375,0.8273087970353271,0.9262366427764506,0.8626077957916523,7
nms_sweep,0.5,0.3,0.203984,0.5,125,118,118,0,7,1.0,0.944,0.9711934156378601,0.944,0.851847617286375,0.8273087970353271,0.9262551623238328,0.8626399213508339,7
nms_sweep,0.5,0.4,0.179676,0.5,125,118,118,0,7,1.0,0.944,0.9711934156378601,0.944,0.851847617286375,0.8273087970353271,0.9262551623238328,0.8626399213508339,7
nms_sweep,0.5,0.5,0.165231,0.5,125,119,119,0,6,1.0,0.952,0.9754098360655737,0.952,0.8493143398041301,0.8284295609564875,0.9281200339997783,0.86588056819749,6
